meantemp,meanvoltage,cluster
21.005486712224712,2.7101358162490383,2
20.653947084421276,2.6787256195822486,2
20.703610362047467,2.6966852372035275,2
20.897784470094457,2.6721429853095024,2
0.0,2.6694579999999997,2
20.40786996402874,2.6472215467625704,2
20.360111168607165,2.6926693876671166,2
19.90027854500614,2.697742996300883,2
20.113630575342373,2.7684343506849407,2
19.935687554585158,2.6850478384279786,2
18.866843849097815,2.6400699179879696,2
17.962900863930898,2.666070539956799,2
18.854288056680204,2.6598515485829965,2
19.462229090909076,2.7108767202797783,2
19.970442693409748,2.4747585959885576,0
19.888583733333363,2.6446945533332915,2
20.883684444444448,2.59709102222222,2
20.40210697876028,2.5170150195058665,0
20.55128419429451,2.6951537316885252,2
20.588260903351166,2.845163438562328,2
20.93160766961643,2.702801592920389,2
20.991734879867412,2.6891542129245987,2
21.413244129032265,2.7011644903225913,2
21.123814708691473,2.720627330467966,2
21.131956222707444,2.704494274017468,2
21.151410325476963,2.7029027890011306,2
21.471117341040475,2.7146556551059797,2
21.00017082179128,2.8190275623269465,2
21.250279596977272,2.700993822418134,2
20.716181174438695,2.7073418566493923,2
20.8471810930576,2.7048437961595355,2
20.33861486810556,2.7008914988009636,2
20.920525406504087,2.7126175203252023,2
20.70488220858895,2.6950527198364043,2
21.366813793103468,2.6464210204081087,2
21.361526436781578,2.7020224904214585,2
21.458127209464163,2.711904091858031,2
20.971687816362635,2.648046174220104,2
21.311180597014918,2.707512929104482,2
20.94509379844968,2.70763398117387,2
20.672283333333365,2.6883038775510433,2
20.277642301369823,2.6969499671232997,2
20.88991568497684,2.693050436796836,2
20.067156045265094,2.693142435973797,2
20.045718463444878,2.695366546881493,2
19.835444648318067,2.507404167758867,0
20.11088251561106,2.687671275646755,2
19.636715186246438,2.7048642898076194,2
20.50983782654128,2.686322748171367,2
19.024077083333335,2.680601904761919,2
19.486767872806972,2.688400526315817,2
19.05160261627907,2.659410574127886,2
17.907765161290307,2.667588427419355,2
17.635452034689784,2.660099899933268,2
19.265746412037053,2.6792124305555367,2
19.57227019937038,2.6566241395592454,2
19.426640020736087,2.6724885692068296,2
19.681358829268245,2.6449108243901986,2
0.0,2.5768524999999998,2
19.243718548387086,2.623886185483872,2
19.235230597938,2.668537311340183,2
18.950383036263027,2.675091524277824,2
19.069539736553217,2.7427056092206077,2
18.93181959885388,2.6592349340973707,2
18.061274133949208,2.5891763163972352,2
17.638902801724125,2.647074612068926,2
18.406045992366423,2.6399206202289762,2
18.915660294117664,2.687841330882329,2
18.79796833333335,2.448622619047653,0
18.371758306606846,2.611599429121213,2
19.10797352112682,2.5725231338028385,2
19.046582558139516,2.489902462624621,0
19.1368692196532,2.6643687283236797,2
19.16574509336513,2.678885574096124,2
19.194282314320912,2.6637756668034513,2
18.92598260869566,2.6289793905279892,2
19.279534697285975,2.6611810855950013,2
19.02953725490196,2.6811190971272447,2
19.02939732057423,2.665915999999958,2
18.92190924537727,2.6654121689154935,2
19.31258757062151,2.6744652316384463,2
18.709510492505387,2.7763166638115693,2
19.17634642409038,2.6606151693852014,2
18.586630520646274,2.666496256732487,2
19.16217797356819,2.6703568624571066,2
19.13602615384619,2.6699350769230747,2
19.36077437567862,2.6823655266015254,2
19.10675729166662,2.666471651785696,2
19.673155894476466,2.617378446001615,2
19.305336936132118,2.6675087896381817,2
19.858655240549965,2.6801427749141022,2
19.24322807498866,2.6307238088705542,2
19.45709570552153,2.6751306680299707,2
19.15883711672943,2.672823232920861,2
18.80096573065901,2.6535580802292156,2
18.03566778523493,2.657006459731575,2
18.786197085201742,2.6626323542601082,2
17.939610679108295,2.656258310005193,2
18.162854735993488,2.660329818621486,2
18.154240370668926,2.4961601450443496,0
18.07728735632179,2.6531212110016185,2
18.10541651592617,2.671849929217482,2
17.45870261363633,2.6423643352272355,2
17.214620551005225,2.6483567833208874,2
18.101319885057496,2.6590715689654734,2
17.970688888888912,2.633539842592558,2
17.31243668639054,2.6449226120033384,2
17.135777524893285,2.6404970199146,2
21.479933472149945,2.690446428943316,2
20.9932069605569,2.660586287703,2
21.707437044534444,2.6903233451417643,2
22.108091252144057,2.6566827329902925,2
0.0,2.5290328571428575,2
21.220418820014913,2.6320959223300857,2
21.60511711340207,2.6859685402062192,2
21.29235483460559,2.6887661005089285,2
21.474406102475474,2.7550758146228715,2
21.223813527110117,2.6726462157629842,2
21.15799964601771,2.637603156342173,2
20.751523281061502,2.671491037394459,2
21.098833143785605,2.654469341998356,2
21.175854754098367,2.7022784754098734,2
23.001999548532744,2.40569117381489,0
20.801330940170924,2.6264792991452555,2
20.71075794338536,2.5863575043327542,2
21.121646199575487,2.498284292993649,0
21.38317389728095,2.678897389728092,2
21.42739382422797,2.69098566904198,2
24.285897126436765,2.712781625615803,2
23.255445539177604,2.673917796741632,2
23.084418429752077,2.693443214876052,2
23.115725574272524,2.715065456865735,2
22.541017160686412,2.6923681643265827,2
21.633977022153594,2.680767970118476,2
20.395725427135645,2.675078371859314,2
21.0827389509888,2.789773056749764,2
21.73983009134867,2.6807007952713913,2
20.903757528285443,2.680603820713649,2
21.524092781690168,2.6847143177817228,2
20.8797922147651,2.675965328859067,2
21.098430147058835,2.6892405330882414,2
19.160230871369276,2.6513053692945845,2
20.413173970893993,2.611426927234883,2
19.719287343412617,2.6556963542116345,2
20.85260572450809,2.676961261180666,2
20.192263870094756,2.6346859043752824,2
20.539407024793373,2.6739945867768578,2
21.45268725333338,2.6859390720000316,2
21.491903012048194,2.671281602409653,2
20.83772424916574,2.675712753058959,2
21.07186901485964,2.6767826912493184,2
19.808598676844806,2.664227089058524,2
20.470689131347033,2.6733074821653244,2
20.29477068965513,2.512344540229916,0
19.93722488780096,2.6611100734394135,2
19.265348104265428,2.669776872037933,2
19.108938129496387,2.6476601618704647,2
18.240361769352262,2.6448648736176583,2
19.349304648074373,2.659580511288154,2
19.33225862068967,2.633194844006536,2
19.58648228228228,2.6590579079078873,2
19.699882318840594,2.657123586956484,2
21.312893426294835,2.6783551294820818,2
21.08885833333339,2.651819954545415,2
21.55987199999999,2.679860410389588,2
21.45537909454056,2.6421061118508247,2
0.0,2.3695566666666665,0
20.830735630769226,2.618442843076912,2
20.995616811594257,2.669888757763954,2
20.58507133126929,2.672736408668718,2
20.73583529411765,2.7314408996539594,2
20.53818457943933,2.653153943925218,2
20.26629963824283,2.6302809405684555,2
19.614712249443247,2.645948886414238,2
19.71236031128405,2.6370936673151566,2
20.4729756140351,2.6839055438596526,2
121.6017284768211,2.3200141721854313,1
19.9626390129259,2.610025763807227,2
20.89529999999999,2.578111790816303,2
21.622664809902773,2.4895235587975346,0
22.176918181818152,2.676092795765899,2
21.857311370967835,2.6849601693548433,2
23.661847564469962,2.6944517805976664,2
22.991291374556994,2.671492938164661,2
22.96136485013624,2.6819323751135604,2
23.795460975609757,2.716351564156932,2
24.165184081196546,2.7019153151709348,2
22.73944375000006,2.6787403609913256,2
23.4706971962617,2.7000752523364553,2
22.758579813250396,2.8019496665185373,2
22.20896800000006,2.679952558730175,2
22.413466145833336,2.6887435503472155,2
22.463371310116095,2.688373781094553,2
22.604096978851988,2.686316193353469,2
21.7283393103448,2.68783962561577,2
20.45046183333329,2.6535154583333136,2
20.824737934104977,2.6038676090828043,2
20.822896866840612,2.6542874412532087,2
21.60442663656886,2.6675716478555196,2
21.572350764818346,2.644578608986627,2
21.402992610441757,2.673420040160649,2
21.527967647058784,2.6760803623949534,2
22.31178378076063,2.6727201957494513,2
21.439879317476706,2.6738813908996852,2
21.587753359683823,2.6732391925465384,2
20.96315077467905,2.6661791722000796,2
20.814255509868424,2.666288112664518,2
20.580041806451597,2.4643804860214837,0
20.472155616438364,2.6556064187867188,2
20.29006103323979,2.6721008650380598,2
19.830665782828277,2.643695037878773,2
20.390340401146126,2.657300649474673,2
20.430325600662787,2.6592858492129148,2
20.003969151670894,2.6301277892030352,2
19.773077862595425,2.647726423118855,2
18.998047108603696,2.636362186177683,2
22.081843683083466,2.6747874304068278,2
21.5863979661017,2.643364245762671,2
22.087916570104277,2.673112195828509,2
21.76762262443433,2.640547711700011,2
0.0,2.2082775,0
21.558149124270134,2.6141357798165044,2
21.716207798742225,2.662539559748414,2
21.85826308900522,2.6728801374345523,2
22.34454963099633,2.738025216789701,2
21.61599967999991,2.652942325333336,2
22.220227906976792,2.632453809523814,2
22.036035794743444,2.660531126408025,2
21.532526315789475,2.6372425671320836,2
21.98065557432431,2.6876965118243423,2
122.15299999999955,2.1647799512195083,1
21.065618359668953,2.6089681006006065,2
21.741838834951437,2.5518340459183926,2
22.641179364388403,2.4833744043478294,0
23.46236000000003,2.674063559523769,2
23.0252405977583,2.6846710406301737,2
27.187806929895277,2.7169074939565094,2
25.956778109854575,2.707261365104948,2
25.38672207421499,2.697187150332997,2
25.559778760045894,2.7251573379231138,2
25.79216046634867,2.7105635930047733,2
24.030117602179793,2.6729055149863483,2
24.436282663316558,2.699478542713562,2
24.131758333333348,2.808317060439591,2
24.052638547158775,2.688933116578773,2
23.531327344521227,2.691421727541936,2
23.839717473684267,2.692923835789504,2
23.52740093545369,2.6990768598130526,2
23.081865361077103,2.691578017135871,2
20.7498490196079,2.646485896358491,2
21.418866905187798,2.598457884615395,2
20.84318400000001,2.643717898901098,2
21.596520576540705,2.66268567594429,2
21.17694014742008,2.628869189189148,2
21.38027648902822,2.660777586206906,2
21.777003703703723,2.666465708994696,2
22.10295753575357,2.6582700330032885,2
21.388725749741525,2.6605731954498357,2
21.9333602073882,2.664725152300713,2
20.861758963643936,2.6537432010029227,2
21.343027836355976,2.6599957401940095,2
20.956796763754042,2.4750748959778024,0
20.51826713615027,2.6459188810641283,2
20.392006899286304,2.660344825535286,2
20.068275340599474,2.6345875340599068,2
19.5233516129032,2.639289784946218,2
20.580383272193654,2.651001929567087,2
20.671959503491145,2.6286030411171106,2
20.60920235109717,2.6461197884012306,2
20.439596945551127,2.64353965471445,2
22.079312464101104,2.662147105112002,2
21.847942877906924,2.632514811046445,2
22.0963851249274,2.662131196978507,2
21.830497847585768,2.624331652123304,2
21.578302826855108,2.6031058215547453,2
21.336314836546453,2.645632233864233,2
21.033171016813455,2.650300656525183,2
21.320979676258926,2.715025984712169,2
21.12515522558541,2.634992946887441,2
20.319625941422515,2.5977203167961602,2
19.24952284153006,2.6208171693989213,2
19.702455545200298,2.595323075489294,2
20.335949712407537,2.6543731635168126,2
19.577713865030702,2.575465355828256,2
20.619341199801788,2.529881893901912,2
21.909427906976784,2.4560113146654285,0
22.35777345712719,2.6508814964500176,2
22.015441087130274,2.6597611790567477,2
24.97990195263812,2.6810028915662554,2
24.0081051625239,2.656791912045881,2
23.906868173257962,2.6688270668549814,2
24.58665767077269,2.699910951847676,2
24.905551157297964,2.687961889466207,2
23.877788532351392,2.678908174644914,2
23.996570481927726,2.682991807228907,2
23.97734284176529,2.792953842841825,2
24.27987757009347,2.6788411148197415,2
23.108187545126338,2.6746535288808593,2
23.4123553805773,2.6778355161854623,2
23.715428846153856,2.674321614010966,2
22.897522139037413,2.6767618074866415,2
21.041556213017753,2.638125164835133,2
21.309474840473975,2.5846167092069194,2
21.237139527875474,2.6353566850828383,2
21.745272727272592,2.6493584046345657,2
22.155580521739207,2.6285449971014168,2
21.80715762538383,2.653342436028635,2
21.698020195838378,2.6513463096694982,2
22.806807126258764,2.652259527498021,2
21.390065935335,2.6463949249422205,2
21.82642857142855,2.650229876093264,2
20.915546818181728,2.642118104545455,2
20.912424068767802,2.641310286532944,2
20.714653807531416,2.478193761506252,0
20.428733942766385,2.631986462639068,2
20.182721943694716,2.645982672579982,2
19.900614327657102,2.619380375807376,2
19.52822,2.625127265306095,2
20.15150038105609,2.6317225204136507,2
20.163880169371843,2.608167593507394,2
19.47389999999999,2.6217052614378793,2
19.205585210780903,2.6164703870075656,2
21.88411436403504,2.645656847587683,2
21.741165024288673,2.618907203331016,2
21.876239178514883,2.6443650500262947,2
21.569986784141044,2.6093193832599004,2
21.350764761264298,2.5900251916610677,2
21.232408724011325,2.6310630493272944,2
21.268366896551743,2.6383314975369263,2
21.299232976827067,2.701056136363653,2
20.955506426155623,2.6200294983088797,2
20.57667320598867,2.5794790913783596,2
20.083675167785216,2.6132695781400104,2
20.19064530465951,2.587213806451593,2
20.66225918003563,2.6401946613190033,2
19.875102439024378,2.570383402736496,2
20.78493801526713,2.524011297709967,2
21.815378937470594,2.4356383262811154,0
22.197932420091334,2.6328290998042863,2
21.786625400640997,2.6434924238781816,2
24.235568012924162,2.654523913570268,2
23.369618972951873,2.62837786358288,2
23.48607270916346,2.6478632918326923,2
23.469997965670828,2.6693996757787293,2
23.577720883745435,2.658283424513401,2
22.71203000000007,2.651227307692294,2
23.18408460176996,2.6583045398229843,2
22.475911022044105,2.7587262992651826,2
22.652944172380014,2.6456693437806242,2
22.27963262233377,2.648526537013806,2
22.50039438747991,2.6532899190501547,2
22.366525499600332,2.6427921582733815,2
22.83619221032126,2.6608679162609183,2
21.11548835462063,2.625264447783625,2
21.32557091698309,2.5742068204015536,2
21.39331230468749,2.6234687402343524,2
21.817995283018853,2.6370862264150574,2
21.896778941441465,2.614584425675649,2
21.998276335877797,2.6418696074154657,2
21.91436144578311,2.6381321399884703,2
22.15996343612336,2.632207841409669,2
21.47521935840705,2.632483949115014,2
22.005718385650237,2.6395914990390152,2
21.56976217105265,2.636857505482417,2
21.38390229885065,2.634716169950715,2
21.1102761421319,2.4721183756344605,0
20.973196000000026,2.6260813673469565,2
20.75263896713606,2.640802421752704,2
20.456619215902812,2.6133687796797016,2
20.512345394736805,2.623875210526278,2
20.8141208231258,2.627184541891191,2
21.00236487985212,2.603921337030205,2
20.327751880877695,2.6165379231974812,2
20.219313785864273,2.612710419874029,2
294.251,0.013056100000000001,1
22.55082977061981,2.6386486725231753,2
22.62414614065182,2.6159387135505843,2
22.455274204946985,2.6361421655729145,2
22.574064329896945,2.605086790377981,2
21.958786382393342,2.585471953232476,2
21.90036601248882,2.624708933987495,2
21.56444153225808,2.623782092237872,2
21.62659782608692,2.6899134375000173,2
21.46147873936974,2.613434127063498,2
20.73185700099309,2.590991852035748,2
19.95871005917156,2.600445274725274,2
20.5740515315316,2.592691435435442,2
21.311365883376872,2.63518352480413,2
21.37259466119099,2.580499603011652,2
22.3881316956261,2.533255775913747,2
22.223033636757748,2.4143560771564507,0
22.244648630136997,2.6191733561643513,2
22.44340417168083,2.638301640593633,2
22.725553045582913,2.6199289874949283,2
22.65913279258406,2.5994639860949977,2
23.10439784017277,2.628086812095013,2
23.14315666372452,2.6442961606354993,2
23.3266391304348,2.6387312267080643,2
22.825038721136753,2.6378055461811614,2
22.875524685534618,2.6405856525156914,2
22.96857407087293,2.74886637856531,2
23.01381675734498,2.6371894069640627,2
22.891227871621613,2.6399645185810705,2
22.818603553719083,2.6415552975206533,2
22.92147206588881,2.634025827041846,2
23.01067310231029,2.6492925825082434,2
23.12016875973011,2.6377782252205324,2
23.243361916026064,2.5859099349496892,2
23.455881655290124,2.637209735494884,2
23.518383718371854,2.641764048404819,2
23.253308391284133,2.619523110802005,2
23.339948069644223,2.6450193792581165,2
23.28849038238698,2.640281013904967,2
23.024356624825668,2.628141032078096,2
22.174421934688926,2.627794658040634,2
22.73870741433026,2.635010286604357,2
22.58878125359402,2.6364210465784605,2
22.274687286063564,2.6314391972290285,2
22.066119411764713,2.469224197478948,0
22.556985541195505,2.631021381260076,2
21.91434104683196,2.6401083471074407,2
21.788399452954042,2.6152581400437223,2
21.144974001268206,2.6199247241597425,2
21.84210444763275,2.625040621712086,2
21.389299495586386,2.5963403215636456,2
20.553631635802486,2.606726111111083,2
20.120171131339365,2.6017759232769535,2
23.67434241573036,2.639386596441952,2
23.569727455197132,2.6147861075268635,2
23.577866974169734,2.6372044557195378,2
23.713866094420617,2.6052511649294576,2
22.83898213592242,2.5874198964401023,2
22.797743002114164,2.623037082452416,2
22.615231647634626,2.624941900489358,2
22.53034401408451,2.6865273855633798,2
22.395904382077823,2.6110730182175885,2
21.25251082802556,2.5833684440400324,2
20.483735197368382,2.5932615871710287,2
21.157096555819578,2.589141407363428,2
22.08775062344141,2.6307478470489873,2
22.051766111771908,2.5791418192628215,2
23.23693553800591,2.5313933909180886,2
23.425840263157944,2.396126078947386,0
23.015174429223702,2.6163804500978216,2
23.51693333333344,2.6381332012805063,2
23.534542049180303,2.6162550368852138,2
23.71148589195504,2.587325709288769,2
23.92738828559212,2.6233266737921865,2
24.12286556822987,2.6400172834811864,2
24.337625971370226,2.6364778527607067,2
23.97785783684701,2.6384341704857577,2
24.18706785980612,2.6422584563757967,2
24.31663668639051,2.753649799726952,2
24.073687978142082,2.6364588797813857,2
24.203468942547882,2.6424623313904863,2
24.13864121679521,2.6419728363324775,2
23.739376957928798,2.630324750809028,2
24.15525320512822,2.65029968749997,2
24.122652214452195,2.6395266258740873,2
24.56142837552746,2.592174235232022,2
25.074521533923427,2.6453798609355283,2
24.78681682814898,2.644200922998467,2
24.73142960321006,2.6256253990191647,2
24.50171228592705,2.6466468577810542,2
24.798550444328225,2.6454145844223653,2
24.30762764227645,2.6320989895470044,2
23.87369550679203,2.6361928526645633,2
24.40421626016262,2.642195499419248,2
24.249731044083514,2.6438875777262267,2
23.93970445344136,2.637459481781362,2
23.678901457489836,2.4733758825910623,0
24.215907898894162,2.638748364928894,2
23.575638864454255,2.6465516233506077,2
23.58690459363965,2.6247516489987666,2
23.08317266616879,2.62965159820757,2
23.39405759524987,2.6300863433943853,2
23.22708636678206,2.6038153494809384,2
22.173411808669698,2.6122086397608184,2
21.35521471529112,2.602443064619289,2
22.800852866242035,2.6197354868061895,2
22.793334819897083,2.5953360949113446,2
22.84456184971106,2.6185550022232094,2
22.60638909657314,2.5849850207684657,2
22.335674261603266,2.5724378119349223,2
22.26298393574295,2.605700124497987,2
22.346770961412712,2.611434623937259,2
22.505385625000102,2.674100031250027,2
22.14210037771477,2.5974528659111944,2
22.139259867549654,2.5630802913906914,2
21.681085692425416,2.5939209181331186,2
21.76442255451715,2.5861086043613466,2
22.50138375870069,2.6257713689094757,2
21.607790101371528,2.563319004174148,2
22.68740487804878,2.5092904181184608,0
33.74153553932102,2.36674370004292,0
24.045389999999987,2.6183193896103454,2
24.04408777555099,2.630010288577125,2
26.753489344591806,2.639460619219924,2
25.916346604578855,2.616043946449329,2
25.99250252893268,2.635983484783522,2
26.87922449528947,2.661040829968639,2
26.378806805708013,2.6465641931942643,2
24.52765578358199,2.6305752192163676,2
24.61691235109717,2.634839956112806,2
24.132692939666235,2.7403502118100214,2
24.470863645224032,2.6297783528264644,2
23.91481317365272,2.628011385799808,2
24.29576492503392,2.630865738300739,2
23.146821523410253,2.6146205660377393,2
23.362343497757884,2.6322984048686258,2
22.616565183964845,2.608237408017606,2
22.980347731755334,2.563713417159785,2
23.227898733142673,2.6097703105844037,2
23.446136326109396,2.617398178534551,2
23.827093882978712,2.6045823138297424,2
23.589298960498954,2.6269674566874026,2
23.287222117892522,2.6174063328116595,2
23.86904833333333,2.6164678690475767,2
22.894371198280542,2.613727297152049,2
23.301265121412833,2.6196864459160554,2
23.287852617685864,2.621471750989867,2
22.764539401294396,2.6135072572815417,2
22.433386232179174,2.4476703910386894,0
22.621122702702614,2.61073500000001,2
22.216306915739292,2.6212271581876463,2
22.063479251336883,2.5956054171123046,2
22.430692286501397,2.612903119834681,2
22.36972202884129,2.609698920934811,2
22.830852700065066,2.5900196746909714,2
22.159486060606053,2.6015963106060607,2
21.95109295101553,2.5980542652329444,2
22.102737461617398,2.600495046059337,2
22.494322369250302,2.5806763453056685,2
22.473926807673248,2.602192744712216,2
22.46065385012896,2.561172408268795,2
22.100303087586575,2.561073030875838,2
22.133561434262646,2.5942430119521593,2
22.055207354838746,2.597015296774165,2
22.22070130353804,2.656813133147051,2
21.958174372385027,2.583861929916361,2
21.714644359097505,2.5497298223716336,2
21.502589800796834,2.5833721673307015,2
21.200907327001357,2.5706121981004504,2
22.079957153024978,2.6116962562277886,2
21.24947527539781,2.5483476438188686,2
22.15302170087963,2.4844915190616135,0
114.36623881817911,2.322369090909158,1
23.451408450704236,2.592300254862535,2
23.162339204545432,2.6072361363636367,2
24.74416583977222,2.606814204961348,2
24.46095797933416,2.5824535744355046,2
24.487226793431294,2.6068803889368763,2
25.333100963391214,2.631742649325637,2
25.36859999999991,2.6231364782390885,2
23.427266451909823,2.604378817303238,2
23.595816438356184,2.6101970123939924,2
23.044816603773587,2.713050988679247,2
22.983847368421223,2.602445233366424,2
22.999095371050775,2.603752711241716,2
22.94897734657038,2.6039081182309967,2
21.609592107117713,2.5849571106413123,2
22.31291510379379,2.60678838224768,2
21.89130272669634,2.586829162967626,2
22.406836549707428,2.546203757309945,2
22.630297969762527,2.5888868639308757,2
23.2567739519285,2.598548149804344,2
23.562544340505333,2.5888856173994217,2
23.423850267379702,2.611422860962581,2
23.226933225632884,2.6027598761443085,2
23.894017464788888,2.6045879661971405,2
23.15384102870817,2.6026799999999852,2
23.312706820949984,2.6076495432399476,2
22.729699281867205,2.6030335278276606,2
22.465084575110644,2.5984957511074924,2
22.141371555197477,2.4305803746978825,0
21.874144694035742,2.589801979086004,2
21.63647740940628,2.602080424055549,2
21.397053975363853,2.5755753919373174,2
21.12761354166668,2.5874227083332952,2
21.818056537102468,2.5907519131751657,2
22.296567272727312,2.571455785714301,2
21.860048179705636,2.5887866537568067,2
21.74687256097549,2.5844288231707644,2
-36.2048,0.14485899999999996,0
21.702280000000147,2.5886309440993704,2
22.1927474722564,2.568029284833497,2
22.43620927467307,2.592730297265143,2
22.53505367412146,2.5492902662406585,2
22.00288287581702,2.552300562091467,2
22.168545490584698,2.587143429137749,2
22.003727184465983,2.588678046116479,2
22.140165000000007,2.64941032142861,2
21.878175129533698,2.5733418005181283,2
20.983236426914118,2.5244941531322422,2
20.687381516587692,2.5676802369668126,2
20.878914754098382,2.5624238196720985,2
21.39013323029366,2.5981516537867195,2
21.239757142857147,2.543141064139915,2
22.050967420814484,2.4901669532428565,0
122.15300000000168,2.293680076754401,1
23.022381846635323,2.5821824569640146,2
23.056440653728338,2.5968739836567836,2
24.763296722939355,2.593685640516365,2
24.181669608826457,2.5441949548645884,2
23.777229175475693,2.5896735835094753,2
24.01386036036028,2.6096450900900763,2
24.118814349775732,2.601937858744358,2
22.296801951219486,2.5839070853658397,2
22.574050485436878,2.5897264216366014,2
21.914662787136255,2.691699754977025,2
22.126299999999954,2.5859707653061177,2
21.642474153846216,2.582047092307678,2
21.660493589743613,2.581816538461518,2
20.9726476331361,2.569385162721882,2
21.605004275534462,2.5942963776722077,2
21.14606509090908,2.572764836363636,2
21.932769484083394,2.5336943907793543,2
21.68573481308411,2.5740110864485866,2
22.373664353312318,2.5681876445846106,2
21.849819806243282,2.5578974488697286,2
22.284927160493798,2.592887098765439,2
22.212263157894732,2.586616390977429,2
22.4424043010753,2.580083917050691,2
22.151868496731943,2.585670235294102,2
22.2820093994778,2.5891913968668203,2
21.629263341067286,2.584194222737802,2
21.93399915789479,2.585668589473662,2
21.856606666666703,2.4200766565656453,0
21.420496192384764,2.5777084969939636,2
21.40648805528138,2.593184096742398,2
20.6261936196319,2.5596183435582462,2
20.35580134228189,2.571112953020131,2
21.611110148232694,2.5813311744583536,2
21.742627489481023,2.5592545862552214,2
21.204267015706822,2.572118970331577,2
20.93928531645572,2.566465075949345,2
22.35883284002816,2.5350299365751057,2
22.6118994962217,2.5144299370276624,0
22.318527234042556,2.534623659574519,2
22.391969148936145,2.502554407294901,0
22.227533126935054,2.4813360681114895,0
22.08665788849345,2.5276502135231107,2
22.5429093137255,2.5278567892156913,2
22.505365482233497,2.589649782451038,2
22.23315211267607,2.5189875352112985,2
22.359474447949523,2.4974452681387986,0
22.726785106382984,2.532089878419425,2
22.410318298714124,2.5112639169139706,0
23.230929230769206,2.5586190109889735,2
22.020164946619225,2.4643030427046666,0
23.271765042979887,2.427816275071635,0
121.99413192612224,2.18123341688655,1
25.690147216890587,2.5511083685220917,2
27.024487827076186,2.5695839704209225,2
25.83534102259215,2.561460380499374,2
28.486431188118797,2.589155569306963,2
28.157302567567584,2.590939162162196,2
26.619971327849587,2.5923444653348917,2
29.812992828146196,2.611838626522356,2
24.1054926829268,2.548478966318219,2
25.447347995418106,2.563960458190148,2
25.040656363636383,2.6703007424242076,2
24.408696712328787,2.5532942534247245,2
24.105398578199072,2.5490454383886085,2
24.280468013029292,2.5577064885994174,2
22.28296080627103,2.525997917133262,2
22.899422276422815,2.547315146341479,2
22.596293782771497,2.5208299550562354,2
22.656572178477703,2.469424750656181,0
22.41276526315787,2.5219793289473342,2
23.609650403877204,2.5374571809370234,2
23.456490830945583,2.521803553008585,2
23.957726008064437,2.551358770161297,2
22.990824553224563,2.5277978321678787,2
24.493772112211225,2.5442073267326943,2
22.69526359060401,2.5286461409396432,2
23.408583720930242,2.5388400332226144,2
22.86193731825524,2.5409147819062663,2
21.924052058264728,2.524493122229326,2
22.505509732360117,2.3849597810218692,0
22.578908208092532,2.5370757919074896,2
22.787446808510627,2.5549511229314112,2
22.551528682170566,2.523037785160555,2
24.664674259681114,2.55783129840545,2
23.330199999999998,2.541852218934888,2
23.44052903225803,2.518404725370588,0
22.663498621420896,2.530971198303282,2
22.332493589743525,2.519929294871808,2
24.447400000000005,3.0523695652173912,2
21.174542809550257,2.5291273958912313,2
21.714078431372588,2.5116190588235545,0
21.674949938650343,2.5350443006135586,2
21.84568266841077,2.4961572400261822,0
21.23624647713223,2.4751126946848316,0
21.501731295253283,2.5279760297667386,2
22.775519999999993,2.41084,0
21.17367482305355,2.5826039534883467,2
21.028376867736565,2.5141459822911187,0
20.562777399591592,2.4675149285228244,0
20.025584600389905,2.506837719298236,0
19.6473376425856,2.4855963117871167,0
20.721908862745064,2.537567458823573,2
19.677005396654145,2.451675423637338,0
20.86747345537749,2.4156447768878673,0
122.15299999999633,2.15227681053084,1
22.390985207456396,2.5099755983163408,0
22.60598,2.437227,0
23.70095176517257,2.5311451606505466,2
23.168265521472463,2.5053709570552014,0
23.27984142011841,2.533874746407447,2
24.279023594936714,2.5604153518987443,2
23.975202501157955,2.5493221584066923,2
21.888965855897222,2.5283683937586376,2
22.194340967283022,2.532544516358514,2
21.32020629370631,2.6328888531468047,2
21.449400611620757,2.5260360157274557,2
21.239408281249982,2.5251227187500476,2
21.54950721830981,2.52962100792259,2
20.23226625766868,2.509725118317286,0
21.24854435028251,2.537705812146949,2
20.716177548806908,2.513699300433876,0
21.28808883183572,2.4561250492083206,0
21.477288076152256,2.5175774549098393,0
22.24241385159012,2.5267802826855568,2
22.256652992446256,2.5109525566531765,0
22.115831407942242,2.5390635469314344,2
21.658168790181154,2.524332589129213,2
22.48513391420911,2.52858672922255,2
21.416598693586753,2.5228543705463666,2
21.674214556213,2.5277338875740165,2
21.61225213094503,2.5311150957381385,2
21.116541709741494,2.5245461749503644,2
21.53250440528633,2.3808236960352653,0
21.21156807920789,2.5242960871287727,2
21.80517671831556,2.548804072308324,2
21.179562973621096,2.5135926474820383,0
22.109346153846126,2.5315231528340543,2
21.985750097975224,2.508516054866136,0
21.122868722466947,2.521218396475784,2
20.776131651651728,2.510695243243307,0
22.438399999999998,3.0366360000000006,2
0.0,2.12647,0
23.50772095890413,2.544601931506889,2
23.487819652650774,2.5216402376599443,2
23.550383973941347,2.5452284885993723,2
23.622610139417006,2.506848675538669,0
22.72432479999992,2.479292546666688,0
22.63118856682766,2.530676827697302,2
109.46563636363636,2.2862836363636365,1
22.186861827160484,2.584715916049356,2
22.114165075528767,2.5165281873112373,0
21.185983581033263,2.4490058527954712,0
20.784719725220793,2.5018626300294264,0
21.346678421900208,2.4959083735909884,0
22.317672184936566,2.542846442953049,2
22.640849999999887,2.4728869081633116,0
23.34672172452407,2.430920739081748,0
122.1529999999962,2.141943754208733,1
23.655535066371716,2.5028609292035715,0
63.11398333333335,2.3210475,0
23.883341522351945,2.5215971768022527,2
24.101577071290876,2.4998565558767027,0
24.351865934959235,2.5347761138211307,2
24.60168744137573,2.553481881188123,2
24.750002482100196,2.5469889307875797,2
24.26529117512574,2.5495022999542676,2
24.3018489247312,2.5453952688172246,2
24.739575375375363,2.6648118468468227,2
24.39980476190475,2.549231127308076,2
24.67229395465996,2.5562560957178713,2
24.05238973271108,2.5480659312685936,2
24.059152210724395,2.5412675540922063,2
23.84642728019718,2.557542941659841,2
24.483611732152706,2.5508111842833516,2
24.702777441077444,2.479237533670026,0
24.98638166510756,2.5531194434050417,2
24.86933198168741,2.5520672923479766,2
24.79271028806584,2.530277201646109,2
24.537433300685624,2.5571638589618217,2
24.78936042908233,2.551987598331375,2
24.53463322091063,2.543122099494139,2
23.875751300000022,2.5437687399999964,2
24.207739048672607,2.5474799834071002,2
23.872691741387424,2.5480897970741085,2
23.984466109119865,2.547690720828417,2
23.693943333333277,2.392754675438595,0
23.987192452830147,2.546261636503707,2
23.34548846611181,2.5561648038050144,2
23.177186700251887,2.526832397984891,2
23.218434572670226,2.5331696909705963,2
22.873897432432475,2.5088509256757114,0
21.844937704918042,2.519152752372758,2
21.080121197312202,2.503977202199218,0
23.161335045317227,2.5300869335347844,2
23.06446015447523,2.505022244434424,0
23.347088739746432,2.531834011931436,2
23.267493972780358,2.4926638755670916,0
22.523527415891145,2.461409362920553,0
22.62540284951013,2.5206018922529085,2
122.153,2.115914,1
22.24554074889861,2.574101602422915,2
22.10333788063345,2.5044889220463515,0
20.978364475524483,2.4509446153846475,0
20.43961263157898,2.4867621913875517,0
20.836188950276288,2.478995130228898,0
21.428255340501796,2.521584587813646,2
21.081620930232564,2.438828842746426,0
22.27581810436643,2.4020933120340917,0
46.83907416666716,2.0939117500000037,0
22.767253429602917,2.482909912325971,0
122.153,2.127207,1
24.680891706924356,2.516562121578125,0
24.328023464633564,2.4921454891994586,0
24.185138872403485,2.520164985163268,2
24.578602357985034,2.5404927920685934,2
24.624557022471876,2.5323662031835323,2
23.171453154362297,2.526623588366886,2
23.666460223048333,2.5246171003717786,2
23.757326053639844,2.643548773946373,2
22.95200649854511,2.5231729970901866,2
24.043732794457288,2.539721628175529,2
22.98625297670412,2.5260812899050755,2
22.485618181818182,2.514354491449126,0
23.293745654008447,2.5409045907173318,2
23.1198794247788,2.5265010011061966,2
23.61639801898496,2.4518485018572185,0
23.43602937189322,2.5274743831902153,2
23.925591633986894,2.5304902352941263,2
23.36468279181716,2.5043001203369455,0
23.413704980079714,2.5347668725099783,2
23.35694382513641,2.525819469945365,2
23.391810294117636,2.519472779411766,2
22.695439412997906,2.5207367295597596,2
22.647153036437174,2.520162886061332,2
22.413780934579513,2.5222697056074415,2
22.708916903765616,2.5248085732217898,2
23.113309862778724,2.387476329331033,0
22.893413925019,2.524958771996922,2
22.74471369809837,2.5403878540939657,2
22.581901797637364,2.509870046225019,0
22.819592708860736,2.5166977518987865,0
22.03675611875454,2.488318638667696,0
21.21708031222898,2.500203790112774,0
20.543087127272734,2.4867948363637042,0
21.56270831353923,2.50157016627078,0
22.00967488151659,2.478768571428614,0
22.122406229508215,2.510170147541001,0
22.127158506224042,2.470523257261435,0
21.822920404040396,2.4366362626262403,0
21.712042958748246,2.501485903271723,0
22.250442649434618,2.559195379644576,2
21.830273009307138,2.491353319545002,0
21.064872352941173,2.434682852941214,0
20.871506976744186,2.4799260963455323,0
20.45882276422764,2.4612759581881836,0
21.314274409448817,2.510445000000007,0
20.81373899543377,2.4085793059360348,0
21.726439576547236,2.368845114006545,0
1.6721625239006126,2.0237684576163337,0
22.748606060606104,2.4691280375180744,0
109.63850000000001,1.96662,1
25.15670121457497,2.510812967032986,0
24.453072770230346,2.495921742468992,0
24.25995744985667,2.5127461318052045,0
26.17588758169934,2.5489562464986157,2
26.095864569083442,2.5347839056087875,2
23.11235373864431,2.5108154647100687,0
23.503390206746538,2.506804309031549,0
23.145851779141083,2.6196087116564253,2
22.737904109589,2.5069761164384365,0
22.66618808664261,2.5072619675090064,0
22.8237714817111,2.5097025480472066,0
21.181293333333333,2.4852946984126993,0
21.781506915887853,2.511816953271022,0
21.504512651646458,2.490797859618766,0
22.089573316062186,2.4157826230570048,0
22.127308333333332,2.4918429092262477,0
22.531312700369885,2.499866559802725,0
23.179023083264646,2.4875935037098666,0
22.359906518283,2.509644801271825,0
22.06796161449749,2.4951324546952796,0
23.09104394966112,2.501879273959352,0
21.635908483290507,2.4922075149957648,0
21.914514261315176,2.496991767719956,0
20.974087738419662,2.4901237534060483,0
20.915757687420566,2.4920787674714693,0
21.613203462050624,2.3641468308921816,0
20.605182034503247,2.486299417013717,0
21.176962919364353,2.5144172395527145,0
20.797473270708792,2.477608667805293,0
22.185203636363653,2.500849925619856,0
22.167196415770604,2.478606821983291,0
21.817939432176654,2.4957221924290556,0
21.85940482456141,2.490387543859656,0
22.635474701411482,2.4860223887079633,0
22.87505525227475,2.468069520264718,0
22.797290752688152,2.4947541290323043,0
22.62301521997623,2.460375624256865,0
22.35435346260387,2.4079126038780947,0
22.351913398692677,2.487038088235345,0
22.59336370808682,2.5532270710059124,2
22.120196279069788,2.4787491627907063,0
22.42787835051547,2.449338394698041,0
22.671797984886695,2.4808620403022448,0
21.396168093385235,2.449812723735434,0
22.882551032448376,2.512036264705888,0
115.48448170731702,2.3195825454545473,1
122.06434899328855,2.2638677181208084,1
22.580414035087724,2.398226829268267,0
22.462036503496368,2.4450833356594326,0
22.884772721224216,2.459368138297833,0
22.74378383838384,2.4795998867924816,0
23.91586075949366,2.504136299639,0
25.625213523131645,2.518122686832767,0
23.812641324921156,2.5019523028391495,0
24.19465844748861,2.5011450000000006,0
23.661132059447972,2.6136642462845137,2
23.30025240847788,2.4970367341040958,0
23.713126961483564,2.50591827389447,0
23.94855508474583,2.5104872542373537,0
22.543788539325867,2.484408011235991,0
23.008682969432325,2.502355938864657,0
22.967550304259582,2.4823436308316826,0
23.253454859966926,2.3913171746293,0
23.457872466367757,2.4832255605381586,0
23.785486148648648,2.4931429560810976,0
24.263729032257974,2.476788709677411,0
24.074764261168347,2.501126255721678,0
23.372292771084325,2.487937734939794,0
23.914854338549063,2.4923738833570632,0
23.190727898089172,2.486129337579648,0
23.334478536585387,2.4907184146341788,0
24.41408495575221,2.5085152338812042,0
22.720910984848445,2.4881815814394423,0
22.255156198347024,2.3587034917355756,0
23.56039925233648,2.496916906542098,0
22.53414712643676,2.504234164456243,0
22.877453999999997,2.473605985714304,0
22.67605326231692,2.4825690945406462,0
23.144862676056306,2.470097904929578,0
22.53244530973448,2.4809832212389455,0
22.695000561009785,2.4780842496493816,0
21.938285224839447,2.4674343629549793,0
22.391575306400334,2.451650063549722,0
22.264936940686795,2.476946441207053,0
22.38152797385625,2.4428194771241962,0
21.925970089593413,2.382936264645099,0
21.982625100563208,2.470812212389264,0
21.887593085106467,2.5290033156028517,2
21.63789673913037,2.458353695652163,0
21.745924405166612,2.4323761250849896,0
21.658222000000002,2.458510614285733,0
21.019790584878724,2.425241027104115,0
21.954975979112216,2.485062654482195,0
122.15299999999854,2.2807937962963,1
122.15300000000029,2.2032021084797493,1
22.111578001921256,2.380386676272831,0
22.190586215045254,2.4311733674675593,0
22.5526843848579,2.43428499211355,0
22.438858643743934,2.4557131136580423,0
23.016392822025615,2.473299685349023,0
24.275215105443888,2.4820425846002965,0
22.910625343511498,2.4688750839694547,0
23.20347487179485,2.4706593186813053,0
22.653735333833477,2.5815639834958977,2
22.34352875989444,2.4721228891819846,0
22.674910357815484,2.4771698493408834,0
22.84071033360455,2.480933694060145,0
21.59137650243634,2.4574372874932284,0
22.21182564821303,2.4825257252978687,0
22.012478575342318,2.464527687671214,0
22.73970946117955,2.360622206194272,0
22.522055892256,2.4636379124578767,0
23.06155750000001,2.473178301470593,0
23.27615878962528,2.443848837656084,0
23.13949878391024,2.4838543405051845,0
22.582750505588137,2.4676785843533677,0
23.240118480492583,2.473341627310079,0
22.333519583333324,2.4662191458333225,0
22.69728033560574,2.471490980597794,0
22.304170866141718,2.4750356889763556,0
21.673416906031903,2.4678864095197914,0
21.540275177305013,2.338389680851059,0
21.589443540102746,2.465431746345255,0
21.758820157480265,2.487293685039355,0
21.461881869369304,2.448847156531523,0
22.005266945606675,2.4626558457860037,0
22.14838103326254,2.4438980820948304,0
21.794819376391988,2.464607082405374,0
21.83956768683271,2.4596400427046183,0
20.98450600571977,2.439832440419432,0
21.44488587223596,2.4230270515970718,0
21.24093731574879,2.4541692319627813,0
21.591534615384635,2.405645787545766,0
22.38809507323565,2.3467368175765655,0
21.016428909090873,2.4479236545455,0
20.45209315628189,2.5010980081716534,0
20.61196038514441,2.43011551581842,0
20.381767441860468,2.3712328255813784,0
19.60475374449339,2.4207239647577077,0
20.194965006729472,2.3920524226110214,0
20.836589380531006,2.4592069658660316,0
122.15300000000019,2.2480143461828774,1
122.1530000000023,2.158401387337015,1
25.86463232462169,2.345632764786844,0
21.513190393518496,2.4033783217592193,0
21.414186415094324,2.376856118598413,0
21.61119989384285,2.430983317409757,0
21.748697662061684,2.444344075451598,0
22.274352525252592,2.4427236002886255,0
21.46764195235324,2.441474108076703,0
21.66474649585534,2.42729410700829,0
20.9570017578125,2.5443339746093963,2
21.386458168430757,2.4451570087436725,0
21.069030334572485,2.442387643122697,0
21.46943256840245,2.4480612003530786,0
20.29519380841118,2.424318639018692,0
21.015124813631505,2.4548556336528753,0
20.722210095497925,2.4351177353342393,0
30.864418607068675,2.318521356548916,0
21.126044117647094,2.4341495868347085,0
21.9474659824047,2.435963093841642,0
21.648847612156285,2.3853241895803463,0
22.006276511954958,2.4558499578059343,0
21.601939507959433,2.441432865412456,0
21.638100980392075,2.4409206512605106,0
21.14157691794531,2.4375274583055355,0
21.73835009900996,2.4441093960396283,0
21.621877990746867,2.451442729676123,0
21.134030525720696,2.445819129451673,0
21.13829836264407,2.3182422013341872,0
20.939872278820296,2.442448080428968,0
20.849955261766187,2.463123194077164,0
20.45228271908274,2.420124922194915,0
20.94424257659071,2.4310445797329168,0
21.080457457457445,2.41521502502501,0
20.244548623853248,2.4318480733944905,0
19.73012885496182,2.4224378473282346,0
20.77957181818185,2.4157330303030364,0
21.200743558850753,2.3988025347543656,0
21.121684592504494,2.433986531826291,0
21.486533538461494,2.3833410307692127,0
58.6718347826087,2.309307162471399,0
20.994271074380183,2.427599315230202,0
20.930901132075444,2.4888670691824144,0
20.532624783861657,2.4095202881844155,0
20.11375975609755,2.357494337979103,0
19.684194604316527,2.396035017985614,0
20.086267924528283,2.361244299191389,0
20.576242696629222,2.4367112921348593,0
122.15299999999775,2.2147533829201196,1
122.15299999999867,2.1220619119496944,1
114.04487485743705,2.296083182996404,1
21.35328520000007,2.377290396000042,0
20.981738435940212,2.355287504159664,0
21.258619135802597,2.406851450617275,0
21.531078782683313,2.422287042434599,0
22.43786520198438,2.4218069879518276,0
21.16602144590007,2.419025443959186,0
21.326452424080898,2.39903510921681,0
20.84942547384385,2.520661053828687,2
20.63208342342338,2.418603977477448,0
20.513967645051146,2.4163102935153633,0
21.047406395348744,2.4244209426909826,0
20.088463157894704,2.3990879926560353,0
20.794343478260885,2.4329437278583073,0
20.924270722433494,2.4189056762629173,0
108.99309105552936,2.284923709198835,1
21.457175000000046,2.4184162358490138,0
22.181802193419717,2.4209981056829815,0
31.28967061529623,2.3289433525014767,0
21.978845205479477,2.4366730332681277,0
21.48197974959166,2.4204884812193592,0
21.79226567926456,2.4222017160367586,0
21.50770639960919,2.419757972642878,0
21.595867240143342,2.41947883870968,0
21.54018188751199,2.4315544375595866,0
21.087389272030705,2.42650450830142,0
21.227492382639536,2.3010347519929772,0
21.08836901632816,2.4248192951015333,0
20.97838377344051,2.4490241102180748,0
20.689891218130363,2.4020559320113155,0
20.903959085133405,2.4101118614993635,0
21.18061244743481,2.3965325063077976,0
20.772158875219656,2.4148129349736154,0
20.146469510268563,2.399341184834103,0
22.9438365506329,2.416348623417727,0
23.026968508287325,2.3968793093922756,0
22.859988461538457,2.4331617841880346,0
25.0601615936255,2.384486183266937,0
122.03734087882906,2.291314380825567,1
22.477227679782917,2.4250238941655415,0
22.006754545454537,2.4853680481283473,0
21.89994697674417,2.4045399720930027,0
20.962063300970847,2.3407752427184363,0
20.598011920529807,2.3823711258278246,0
22.863808662175185,2.3340076900866356,0
22.43497078651684,2.4373630898876617,0
122.15299999999692,2.201678048076923,1
122.153,2.114002673559805,1
122.15299999999799,2.2889275028571405,1
24.491732788162004,2.377016051401846,0
23.755302127659547,2.37262314372558,0
23.774760857699786,2.415932966861596,0
24.120446019174743,2.4320421800750243,0
24.16331444376151,2.4192734972341876,0
23.26990846730974,2.4269298767417053,0
23.99187079037804,2.409328276877767,0
23.857042105263147,2.5370480284043633,2
23.75547809773134,2.4341247120418825,0
23.55042565556338,2.432519092841945,0
23.415500163934382,2.4301528319672,0
23.262149305555464,2.4121223958333493,0
23.250455821371588,2.441654393939425,0
23.807557575757574,2.4349897306397237,0
122.15299999999628,2.281913203426197,1
24.27591588698472,2.4341316905974995,0
24.398007476635502,2.4215819225634214,0
55.519032779623345,2.329164302325616,0
23.693539446036326,2.4344601719198016,0
23.766914782608666,2.425313894409941,0
23.380559272727254,2.419188301298702,0
23.243234570312552,2.418859804687506,0
23.63513868974044,2.421043288009888,0
23.329802249388756,2.4336849584352063,0
22.98698297872345,2.427627260095509,0
27.530274147217288,2.282547517953373,0
23.13250423345662,2.4297559391697354,0
22.665838339154057,2.4506131276678143,0
22.525350834597887,2.4023732220536096,0
22.62115711395818,2.4028929332434137,0
22.34844058976584,2.387183790112742,0
21.542315775401065,2.4028947593582903,0
21.100700000000007,2.3864878940217333,0
21.200051724137953,2.368999936479122,0
21.378775643044534,2.350262965879283,0
21.269192139737996,2.393714647535864,0
58.648530971843805,2.3315010354223515,0
122.15300000000087,2.2496005533596946,1
20.995420447284303,2.388293194888166,0
20.588310047846836,2.454432711323781,0
21.58849447983012,2.3676122186836315,0
21.044712486883505,2.3100876075551047,0
19.369885934489385,2.3406950289017336,0
77.78506309067677,2.2737332567049937,1
20.35147934782607,2.387603460144917,0
122.15299999999935,2.1447539794520245,1
122.153,2.0607763513513513,1
122.1529999999985,2.2356924248004733,1
55.95268012733054,2.320146093678947,0
20.704491266794747,2.2978514587332235,0
23.07368626943018,2.3633615975820446,0
30.194647903075513,2.3740439468779653,0
21.183524335106384,2.359311768617049,0
20.989217111315604,2.3725954415823827,0
22.32761187263898,2.353571403130046,0
20.88129579698652,2.475025582870784,0
20.844258159722216,2.379224470486101,0
21.02504334448156,2.3802469698996953,0
21.084094671107376,2.3802682847626726,0
21.128486738351302,2.357446333845388,0
21.477657751277643,2.3952008943781924,0
23.074562535370756,2.3847481154499413,0
122.15299999999698,2.2345136204379843,1
21.923689666136674,2.384379941706463,0
25.282079020979,2.362133648018621,0
103.68531182795674,2.298533797043049,1
21.919531214953267,2.3869866714953525,0
21.629771131498444,2.375805406727862,0
21.42750616844602,2.3736125029656034,0
21.97851877394635,2.3699531362890154,0
22.988663171864598,2.3743511877903085,0
21.67930736342048,2.3924835213776907,0
21.543403601800968,2.3902187143571587,0
54.958255378486,2.2456742330677235,0
21.720410167865673,2.3939544172661744,0
21.41778879999993,2.419110776470566,0
21.119339334155388,2.3584522872996376,0
23.44337889967642,2.3643911003236537,0
21.310970736253473,2.3497872879776405,0
20.474905426356568,2.369134302325564,0
20.415818786127183,2.351866473988452,0
22.10949525316458,2.3194843987341747,0
21.674972447013438,2.307954556840068,0
20.40672392065344,2.353375659276555,0
122.15299999999989,2.2906393343898674,1
121.19916237623653,2.2210960000000113,1
23.112868273092356,2.3536783132530146,0
19.74449650349651,2.4240724475524473,0
43.452771875,2.3293037500000002,0
40.533008530805695,2.272472677725133,0
19.550682758620695,2.312831108374395,0
70.02423755656105,2.278108212669685,0
25.32047588532884,2.3672337436762327,0
122.15300000000153,2.210321215277786,1
122.15300000000134,2.2803818171021506,1
20.143006993007006,2.27347569430569,0
60.34590555555561,2.32463122549023,0
106.7117023323611,2.3373523906705804,1
20.842560000000017,2.319351273469422,0
27.269950306748488,2.328652699386557,0
53.935498076923096,2.310174260355062,0
19.164194419441944,2.4226375067506822,0
19.348814012738835,2.334169763421296,0
22.101941281427422,2.329595028386101,0
20.073214944071534,2.3352486174496745,0
31.607271407696064,2.3062669995129537,0
27.568939774153066,2.349797603513168,0
73.6188799440953,2.334826037735916,1
122.15300000000026,2.1942206473724255,1
20.43021955241462,2.327441578327421,0
79.94192816091926,2.313980258620693,1
74.12744150943391,2.294341401617258,1
20.678006847360887,2.344722781740371,0
20.66643194192378,2.327105027223224,0
20.182313117546858,2.331190817717197,0
46.400543878954636,2.3190721458046815,0
58.105502222222135,2.3230955213675144,0
19.76561198347107,2.3386896074380044,0
20.191700289855053,2.3410938260869565,0
88.03658313253001,2.199959819277119,1
19.705745384615394,2.3419329615384648,0
19.81230947368421,2.37629789473684,0
25.648574161073817,2.3104798322147735,0
82.51588397565897,2.317142657200828,1
21.817362522522522,2.310038342342361,0
19.864101747572825,2.3293297281553267,0
30.384711049723773,2.3132039226519527,0
63.474295131086286,2.2914908364544675,0
66.56348333333328,2.274943173333333,0
21.412451847826055,2.3232936902174433,0
122.152999999998,2.2610184249713363,1
50.92726174981885,2.202371605206059,0
75.84970184127006,2.3290788063492496,1
20.6115832618026,2.4086017381973988,0
121.49170287303284,2.303954874884145,1
121.69372355273659,2.236345884218837,1
41.65883962848298,2.2803636532507823,0
122.15300000000164,2.2538430820399182,1
102.16287849829524,2.3309614163822876,1
122.15299999999706,2.1840975098814286,1
122.15299999999603,2.2484209378806717,1
36.05213346741753,2.2488161745776165,0
122.13249402061463,2.2966540907217103,1
122.15299999999584,2.3126577590927377,1
37.081040052015624,2.2931177026441842,0
98.76514255413048,2.3010554529386384,1
122.15281918818933,2.2789174644175367,1
19.418672107765445,2.3926131141045928,0
19.6248821062441,2.3076216262815317,0
69.72980420420436,2.3032801201201467,0
32.412609864687866,2.3086910082933896,0
112.99324107485425,2.2762617322457244,1
105.16127112561318,2.3210056688417846,1
122.15299999999804,2.309517129683035,1
122.15299999999702,2.172876322517133,1
30.255452141723932,2.3035593548387405,0
122.15299999999785,2.28813998320274,1
118.8616865720501,2.29073210152842,1
22.23976463815792,2.316282162828977,0
39.90420230487161,2.297729979046659,0
22.36221972265025,2.307381417565494,0
122.15035951502117,2.291008555614183,1
122.15300000000084,2.297455441295544,1
21.872432591189064,2.3190158929418057,0
24.357423367983294,2.3128563243243763,0
120.77468310841957,2.170482768729566,1
20.838749030927726,2.317338791752643,0
20.35905070196539,2.3494762775771676,0
109.3605544852485,2.279453142685146,1
122.1529999999978,2.282849610678549,1
61.008154395126304,2.275415900783282,0
29.364871064204063,2.296559032541791,0
120.53593910714478,2.2794829196428474,1
262.656,0.39332399999999995,1
122.15091646191547,2.258855872235873,1
122.1520281967203,2.2403669245901776,1
42.00616626506025,2.294826921017416,0
122.15300000000181,2.2290524416135766,1
42.519096774193144,2.176489216589861,0
122.15300000000212,2.2965596146789093,1
20.413890909090917,2.3852673283859036,0
122.15300000000026,2.270684353640427,1
122.15300000000217,2.2039780579710198,1
117.9398629787224,2.246132255319141,1
122.13403024574556,2.230355614366741,1
122.15300000000022,2.303070298953663,1
122.15300000000121,2.1531758213984586,1
122.15299999999932,2.2219216062884444,1
112.2168184158425,2.2113997227723052,1
122.15300000000006,2.2687658736059237,1
122.15299999999736,2.2843984371755552,1
110.9567010687025,2.26869754198472,1
122.15299999999594,2.278283798480669,1
122.15299999999917,2.2554286126005336,1
22.122637109374995,2.368781054687526,0
23.60827001356846,2.2831617503392634,0
122.15300000000208,2.277470904109571,1
112.94088633932635,2.279781589693774,1
122.152999999997,2.2469874829268077,1
122.15299999999891,2.2944230370370406,1
122.15300000000153,2.2809514756944487,1
122.15299999999895,2.147621544980422,1
102.19434963839582,2.2673973767258326,1
122.15300000000208,2.2532767027559037,1
122.1530000000013,2.257549703138235,1
50.18431632928474,2.2835118758434634,0
117.47128781094615,2.265515970149259,1
49.30867954545457,2.277377897727282,0
122.15300000000134,2.259092336892062,1
122.1529999999997,2.2654932459016455,1
42.044360889470255,2.281833355134078,0
42.99306451612901,2.288031474654376,0
122.15300000000185,2.1361275818373944,1
30.916775133214944,2.2820713410302016,0
23.45648502994012,2.3166349101796695,0
122.15300000000214,2.2388136372454035,1
122.15300000000155,2.2464047999999908,1
122.15299999999891,2.2392405601659764,1
106.20029636963595,2.264339603960403,1
122.15299999999976,2.246850178282015,1
122.1529999999989,2.2170120238095334,1
122.15300000000227,2.203062560975564,1
120.66949335347441,2.2423789728096732,1
122.15300000000205,2.1910732422586134,1
43.434189261744635,2.1342444832214724,0
122.15299999999922,2.247596870748311,1
41.78549874999999,2.3341104791666774,0
122.15299999999918,2.2172942806394276,1
122.15299999999945,2.189680923076926,1
122.152999999999,2.1977402227722775,1
122.15299999999895,2.19301521929825,1
122.15299999999904,2.249244337662332,1
122.15299999999965,2.089543036649213,1
122.15300000000047,2.190086913229026,1
122.15300000000163,2.185048674832947,1
122.15300000000227,2.216414319029869,1
122.1530000000004,2.2261159164733395,1
122.15300000000195,2.2091998736461975,1
122.1529999999972,2.2156360840932265,1
122.15300000000212,2.20450736585362,1
82.21983722504297,2.30433854483928,1
104.6706503477033,2.2220863653222196,1
122.15300000000225,2.2167754638218966,1
122.15299999999684,2.2193764384213286,1
122.15299999999725,2.1974827231004537,1
122.15300000000033,2.240160293255148,1
122.15300000000208,2.227542782178233,1
122.15300000000066,2.1040212499999806,1
122.15300000000153,2.221214102341741,1
122.15300000000157,2.2161266290868284,1
122.15299999999887,2.208949124767234,1
121.9005363790181,2.233505008460254,1
122.15299999999966,2.215020889621082,1
121.63307191011131,2.2157796853932714,1
122.15299999999891,2.2072459587628885,1
122.15299999999895,2.215234164810707,1
120.98634923338949,2.231623713798986,1
122.15299999999927,2.1020116961130744,1
116.29751129032202,2.2379770564516153,1
95.13024749999965,2.279640791666666,1
122.15299999999937,2.2033226639344323,1
122.15299999999917,2.2183696485623035,1
122.15299999999904,2.2068023759791244,1
122.1529999999991,2.218375625000008,1
122.15299999999898,2.2004676650943424,1
122.15300000000077,2.196569260752666,1
122.15300000000077,2.1808222177419303,1
122.15300000000168,2.2167808342481012,1
122.15300000000111,2.1713282626766364,1
2.2506202804746493,2.102421844660182,0
122.15299999999898,2.213596826923093,1
118.65993484042616,2.302881170212773,1
122.1530000000013,2.1920126890756015,1
122.15300000000134,2.1586449406175636,1
122.15299999999945,2.176374539249155,1
122.15300000000038,2.173192561863179,1
122.152999999999,2.224249749373438,1
122.15299999999898,2.169682258823539,1
122.15299999999992,2.169854015748025,1
122.1530000000014,2.195763927315352,1
122.15300000000087,2.212263675889329,1
122.15300000000114,2.198847397260271,1
122.15300000000038,2.2029490586419844,1
122.15300000000019,2.1927848421052594,1
122.15017370517988,2.2949591633466193,1
122.15299999999633,2.2036859801809574,1
122.15299999999895,2.204116049543676,1
122.15299999999688,2.2013553901388176,1
122.15299999999701,2.1870388154674356,1
122.15300000000201,2.2195532394366313,1
122.15300000000148,2.2036758448276004,1
122.15299999999984,2.0649298795180746,1
122.1530000000014,2.1975143243243,1
122.15300000000137,2.20028046153846,1
122.1529999999989,2.1899016565656635,1
122.15299999999895,2.2138751670378793,1
122.152999999999,2.2016320654911956,1
122.15299999999945,2.1991003463203476,1
122.15300000000015,2.197531374045801,1
122.15299999999945,2.204423478260866,1
122.15300000000009,2.2037408860759484,1
122.15300000000008,2.0835613698630113,1
122.15300000000003,2.2088156140350885,1
122.15300000000006,2.244745909090908,1
122.15299999999995,2.1842397435897425,1
120.34903370786527,2.1916943820224706,1
122.1529999999996,2.1803861500000004,1
122.152999999999,2.1959914463840473,1
122.1529999999994,2.1707806712564595,1
122.15300000000201,2.1840364249748085,1
122.15300000000056,2.167048171589298,1
122.1530000000018,2.20997077742279,1
122.15300000000192,2.1573628198197965,1
1.730999999999994,2.0693783105022723,0
122.15300000000182,2.2051086529883976,1
122.15300000000181,2.276962804986634,1
122.15300000000222,2.183948243992578,1
122.15300000000045,2.138982564469911,1
122.1529999999989,2.170619367346944,1
122.15299999999954,2.157361680672252,1
122.1529999999989,2.2182036454183396,1
122.15299999999891,2.156553814432991,1
122.15299999999974,2.146111607142869,1
122.15300000000168,2.1918966008771674,1
122.15300000000124,2.208736167883206,1
122.15299999999985,2.191328051118211,1
122.15300000000076,2.189607632423715,1
122.15300000000025,2.1801198065476233,1
122.15299999999974,2.284385071839102,1
122.1529999999965,2.1977001691143943,1
122.15300000000028,2.194635720823774,1
122.15299999999701,2.1953632566111985,1
122.15299999999692,2.1732506698794736,1
122.15300000000208,2.2137433630069348,1
122.15299999999895,2.200022262059964,1
122.15300000000225,2.193451616541311,1
122.15300000000111,2.1944653074027465,1
122.15299999999976,2.1844920097244778,1
122.15299999999937,2.2081136269430113,1
122.15299999999893,2.1917787956989407,1
122.15299999999918,2.193327704918038,1
122.15299999999942,2.189932978723405,1
122.15299999999915,2.188396937500005,1
122.15299999999988,2.196885950920247,1
122.15299999999984,2.0583392727272747,1
122.1530000000001,2.1947474999999983,1
122.1530000000001,2.2218278417266166,1
122.15300000000013,2.16212385321101,1
122.15299999999945,2.171332114537449,1
122.152999999999,2.1589306934306567,1
122.1530000000004,2.17812562952243,1
122.15300000000151,2.1617278947368224,1
122.15300000000032,2.178794294478482,1
122.15299999999841,2.1638098178506184,1
122.15300000000032,2.204378215926515,1
122.1529999999985,2.1524561230768837,1
1.7309498721228118,2.0321858312020566,0
122.15299999999647,2.1998432521045825,1
122.15299999999702,2.262235986227252,1
122.15299999999748,2.1777732050605696,1
122.15300000000227,2.13285327715352,1
122.15299999999964,2.1583225373134134,1
122.15300000000177,2.151514829059802,1
122.15300000000097,2.2172204896907344,1
122.15299999999971,2.1508118657937696,1
122.15300000000089,2.151314304461946,1
122.15300000000224,2.1874316761363186,1
122.1530000000015,2.2122223711340157,1
122.15300000000035,2.194168903508765,1
122.15300000000015,2.1935117744360766,1
122.15300000000131,2.181567739234448,1
122.15300000000066,2.287330365659786,1
122.15299999999665,2.200765355016065,1
122.15299999999941,2.200795082758631,1
122.1529999999967,2.1976162505779366,1
122.15299999999687,2.175769751671425,1
122.15299999999921,2.214007607816721,1
122.15299999999787,2.203990590551167,1
122.15299999999782,2.2017257405345116,1
122.15300000000047,2.1937466173031677,1
122.15300000000204,2.196911711711709,1
122.15300000000167,2.207274092920338,1
122.15300000000175,2.200362405609478,1
122.15300000000043,2.199325712230211,1
122.15299999999982,2.1923008333333436,1
122.15300000000106,2.1966466539923704,1
122.15299999999924,2.206359541446203,1
122.15299999999908,2.0581635740072373,1
122.15299999999918,2.206979113475179,1
122.1529999999997,2.2314203618421313,1
122.152999999999,2.165765061124693,1
122.15299999999989,2.165281648177495,1
122.15300000000121,2.1481114146341405,1
122.1530000000013,2.16535157262905,1
122.15300000000093,2.1471752330334826,1
122.15300000000006,2.1559496456086293,1
122.15300000000066,2.1423811983470977,1
122.15300000000056,2.183195999999986,1
122.15300000000174,2.1312041681415943,1
-13.86898448484844,1.9868450666666526,0
122.15300000000079,2.181907439678288,1
122.15300000000192,2.247567956656334,1
122.15299999999976,2.158582640287734,1
122.15300000000153,2.1139076503972785,1
122.15299999999978,2.137229883720938,1
122.15299999999891,2.1230040376569073,1
122.1529999999997,2.1886443114754153,1
122.152999999999,2.121809088607596,1
122.15299999999893,2.1140953347732254,1
122.15300000000077,2.161629408602128,1
122.15300000000035,2.1808124525547368,1
122.15299999999988,2.1687159394904483,1
122.1530000000012,2.1709242414081817,1
122.15300000000065,2.1571885773480646,1
122.1530000000018,2.2624497449521903,1
122.15299999999881,2.1708979845956073,1
122.15300000000218,2.176951622119792,1
122.15300000000107,2.147440477386937,1
122.15299999999903,2.15361103359174,1
122.15300000000198,2.191541128048764,1
122.15300000000126,2.1745275728155136,1
122.15300000000168,2.173249989023026,1
122.15300000000205,2.1730967213114583,1
122.15299999999891,2.167923444444457,1
122.15300000000059,2.1878369456066875,1
122.15300000000065,2.173793825966834,1
122.15300000000015,2.172686287878778,1
122.15300000000032,2.1673595294117476,1
122.15299999999974,2.1750601948051873,1
122.15300000000035,2.182265380116961,1
122.1526266025639,2.044929471153853,1
122.15300000000029,2.1889688200590056,1
122.15300000000016,2.2188959304084865,1
122.15299999999891,2.1512233888889036,1
122.15300000000032,2.1542831470588144,1
122.15299999999891,2.142977201646086,1
122.152999999999,2.1601951620947686,1
122.15300000000133,2.137383042959396,1
22.606497886178882,2.9768607154471467,2
21.965794999999993,3.0630235000000003,2
0.0,3.19312,2
21.428540072202154,3.063089891696762,2
122.15299999999897,2.1020337500000013,1
122.15299999999893,2.091669442060082,1
122.15299999999974,2.1295544408427705,1
122.15181028938827,2.095220482315116,1
122.15299999999893,2.141181855010652,1
122.15299999999955,2.21165802345058,1
122.1530000000001,2.1185171364317967,1
122.1529224489803,2.0717602035278118,1
104.01527355516544,2.068510122591948,1
122.15299999999897,2.145237587822014,1
122.1529999999997,2.0822235828877034,1
122.15299999999915,2.061970846394984,1
122.1530000000005,2.1262978437499886,1
122.15299999999945,2.1486545919778397,1
122.15300000000097,2.12385594905504,1
122.15299999999708,2.1243604110945684,1
122.15300000000008,2.1099412071535086,1
122.15299999999776,2.209704275442483,1
122.152999999997,2.122612839024376,1
122.15299999999871,2.124278995577999,1
122.15048824342963,2.0514590179806245,1
122.15300000000182,2.1420057928118226,1
122.15300000000121,2.121778376068388,1
122.15300000000043,2.1176122126436687,1
122.15300000000033,2.118464919416762,1
122.152999999999,2.1079526075949366,1
122.15299999999887,2.131496322701677,1
122.15299999999898,2.111802650602413,1
122.15300000000013,2.118886160714285,1
122.1530000000001,2.108837325581394,1
122.15299999999941,2.110925732217576,1
122.15300000000006,2.140236571428571,1
122.14004838709681,1.9813833870967745,1
122.15300000000002,2.131713773584904,1
122.15300000000006,2.1653356896551736,1
122.15300000000002,2.0924794339622634,1
122.15300000000015,2.0921118897637787,1
122.15299999999928,2.083488722627736,1
122.15299999999945,2.111600086956527,1
122.15300000000097,2.0867198202824198,1
20.01732639405206,2.817889358736038,2
19.22229917355373,2.982386446280968,2
20.421745875096345,2.9764035389359695,2
122.14505882352923,2.060852764705886,1
122.15300000000106,2.0596205830164864,1
121.22314186046489,2.0985054651162773,1
122.152999999997,2.110672134831423,1
122.1529999999972,2.184770449949428,1
122.14390881458988,2.070809490881416,1
122.09204705882334,2.019406588235295,1
1.7309999999999988,1.98635,0
122.1530000000001,2.1130907954545433,1
122.15299999999917,2.0929851774949406,1
122.15299999999834,2.123383000601303,1
122.15300000000134,2.1003378875638776,1
122.1392737512213,2.085725954011724,1
122.14636956521683,2.0735893913043504,1
122.15299999999661,2.0935940664845134,1
122.14971027542124,2.1005134163135417,1
122.15299999999861,2.118376294447884,1
122.15299999999948,2.098143444676383,1
122.15299999999955,2.087993213783423,1
122.15299999999792,2.092629926595165,1
122.15300000000158,2.0821759034792415,1
122.15300000000111,2.1118518999999965,1
122.15119895288055,2.088077686274509,1
122.15299999999918,2.0914473597359766,1
122.15299999999945,2.074162652173921,1
122.1523390191887,2.07290739872068,1
122.14944444444438,2.096907189542484,1
122.1530000000001,2.0978434653465343,1
122.15299999999996,2.1330525,1
122.14739534883736,2.0364969767441874,1
122.153,2.041772222222221,1
122.14311986301304,2.028432465753426,1
122.153,2.0484844444444437,1
120.6615364055297,2.029223271889408,1
18.140437837837837,2.6662707432432478,2
20.72686728971962,2.8654294125500366,2
20.943680000000008,2.8923955428571526,2
121.81702122905006,2.021018100558654,1
122.1529999999975,2.087181121099908,1
122.152999999998,2.1734580377573978,1
122.06801082949133,2.02640839541549,1
122.15299999999795,2.076975155279443,1
122.15299999999766,2.1042742014076956,1
122.14531352784917,2.069805432489426,1
122.06476461768843,2.044781127744506,1
122.15209043927275,2.0649507860824343,1
122.13440619136647,2.0762758988763874,1
122.15300000000015,2.1021796899224783,1
122.14620826061488,2.0892206354708067,1
122.15138983050748,2.0696303044041056,1
122.14335198372078,2.0693464173824734,1
122.15239744552981,2.0618041017963864,1
122.15289226519279,2.093966005509634,1
122.13575623491639,2.068000698795155,1
122.150595428573,2.098708607305937,1
122.13777486910982,2.0982629428571444,1
122.14241351351426,2.0350407133243755,1
122.13486491227998,2.0983229071803775,1
122.15281796690206,2.0938419575471716,1
122.15299999999893,2.1386561935483908,1
87.80137538461544,1.9957766923076932,1
116.76667241379317,1.9669410344827578,1
22.73782703488371,2.669696613372115,2
21.703032958801483,2.8368733426966175,2
21.095677580539153,2.8325169756738844,2
53.21606456692919,1.9644650370370391,0
122.15299999999992,2.0360317241379295,1
44.29655130434782,1.975055130434782,0
23.731374468085118,2.786976382978722,2
-38.4,1.8777933333333332,0
25.01498333333333,2.7030369166666603,2
22.098666666666666,2.5936477777777776,2
23.79719130434782,2.816561304347826,2
21.18563333333333,2.5275933333333334,2
